id,addicted_label
0,0.48863679031761664
1,0.49721316462124465
2,0.4641009213612583
3,0.4950473990826922
4,0.4798684776726188
5,0.4790217969836243
6,0.5311951462559156
7,0.46377295489941484
8,0.46178402816002556
9,0.4790736261631096
10,0.47274659139120095
11,0.46131679083945515
12,0.5342610402287978
13,0.434434894682834
14,0.5048697880726746
15,0.4788827032070069
16,0.5177289156316341
17,0.505180056381504
18,0.5105115586756978
19,0.4659696395016467
20,0.45887248480791387
21,0.48003305672112073
22,0.5159913439241304
23,0.5230542162269054
24,0.4994157935750859
25,0.525184268842928
26,0.4758669817884674
27,0.45856904051552017
28,0.49406654340225803
29,0.4660597244829245
30,0.47408415598797576
31,0.5314591244632088
32,0.5412681613360909
33,0.45187960033321206
34,0.5197815208291412
35,0.4696527186118266
36,0.48298824605564933
37,0.522864040749588
38,0.49464817756658086
39,0.45222442714928596
40,0.5359249517355184
41,0.4719627750375153
42,0.5358887705041604
43,0.48254333333811505
44,0.4352046317564653
45,0.46601944032661924
46,0.5561682434709408
47,0.5485077726226714
48,0.5124104137542163
49,0.4946680393415317
50,0.4841711354101962
51,0.5078216846266635
52,0.49178880128235586
53,0.5007503816934687
54,0.4824899421375612
55,0.5441273462558438
56,0.47542535708242595
57,0.45772940727087835
58,0.5125986346320845
59,0.4969206005108005
60,0.4623863060198393
61,0.5050758132864533
62,0.46160792727343064
63,0.49405405346303555
64,0.49942834978747963
65,0.5267242588022674
66,0.484541070239634
67,0.4674365325816067
68,0.46389129745213853
69,0.4552121028400288
70,0.5608866655734439
71,0.5097926442566636
72,0.45353625849055024
73,0.4302823825108587
74,0.4841802511755543
75,0.5072442627549538
76,0.5169420115074703
77,0.5461646502044695
78,0.47265494408015984
79,0.43039352493912797
80,0.46451581629049804
81,0.5330627365246878
82,0.492489828887509
83,0.5050252998931557
84,0.48130579576686905
85,0.481896138047801
86,0.5042490626074551
87,0.540868285379061
88,0.5188157221286509
89,0.48788592404514647
90,0.5016806400575465
91,0.5183871810335211
92,0.49427238745101065
93,0.5208832456009275
94,0.4985297071907
95,0.5326919494009803
96,0.5292292437262214
97,0.4828000077437044
98,0.4631620355026747
99,0.4752336882414698
100,0.4601089603818584
101,0.5238352183997097
102,0.5339692103735173
103,0.567575354330614
104,0.5038206135140217
105,0.5360685180731384
106,0.47906329965433403
107,0.49694673335821565
108,0.4620264927961672
109,0.45820223881704913
110,0.46459731466341464
111,0.5255318882027383
112,0.507929443634597
113,0.5195189829489633
114,0.5218931620256393
115,0.4956671162546309
116,0.4881220754124099
117,0.49458024050397226
118,0.4750647386009714
119,0.550409714465243
120,0.5025116299960611
121,0.48811706860775816
122,0.4407753897624988
123,0.48874783591507787
124,0.5005030180055757
125,0.4450318148256442
126,0.44740836908454074
127,0.5003067074501164
128,0.49998383329362867
129,0.5303060224673639
130,0.43001527725925526
131,0.482833223707484
132,0.5430187215936577
133,0.5123119686792804
134,0.4296750133950349
135,0.43957038380741514
136,0.47645141418158493
137,0.45842886040202985
138,0.5147736521844576
139,0.4992827072127534
140,0.4908671144884932
141,0.5188385199656971
142,0.5033937817555159
143,0.45528661437587703
144,0.4490130237825432
145,0.48878144752684904
146,0.4474296140116749
147,0.4530322620937096
148,0.4841514430010513
149,0.5273495968001332
150,0.452138052865522
151,0.5379221577813224
152,0.4741653656828277
153,0.48304146518248225
154,0.4795744806938898
155,0.455844038997398
156,0.5227515476050305
157,0.44340186217541044
158,0.5331493992840888
159,0.5144643575160325
160,0.4814297578355728
161,0.4605483949970758
162,0.5032334919992321
163,0.4509087246636066
164,0.4685019894942369
165,0.48007870196482616
166,0.4877772025534262
167,0.4778865886634427
168,0.48284022032917623
169,0.44981132849194033
170,0.5093343473020455
171,0.46256948519512164
172,0.5334718020534457
173,0.4916925017782914
174,0.4992975165304104
175,0.4703732757934575
176,0.4657421625753642
177,0.451380584176075
178,0.48355347481127275
179,0.5279403620646751
180,0.49834982992881355
181,0.48071065573504473
182,0.4680646426330804
183,0.5054004681668609
184,0.5267811401329894
185,0.4503189336134342
186,0.5029216025041451
187,0.5026129991556794
188,0.5277358491326604
189,0.4699060466642577
190,0.40683017290832824
191,0.46461577269493953
192,0.5051477288481028
193,0.4370658479750737
194,0.48895943576102213
195,0.4675698182189577
196,0.47129762272381137
197,0.4976018073053005
198,0.49467590263505645
199,0.5032992139810948
200,0.5736863054329512
201,0.47641907254503063
202,0.5238267105529544
203,0.5182991119459777
204,0.4807350594087096
205,0.4627175945407995
206,0.507009745888242
207,0.5308092866686517
208,0.4755392517327569
209,0.4611646763238135
210,0.5101658694478197
211,0.5333888604016115
212,0.47784170586811175
213,0.5152829326199134
214,0.5026975624523173
215,0.4747333061626629
216,0.49874308135125706
217,0.4706016069678566
218,0.5081831189621648
219,0.4865625628359548
220,0.4954796868107495
221,0.4533933970101922
222,0.5114274274109043
223,0.48580539868639305
224,0.48518070241813466
225,0.5023972206330712
226,0.4837118181982857
227,0.5026591398299043
228,0.48464262914859474
229,0.48231711147309503
230,0.4777027170440256
231,0.49189210262163746
232,0.5127012465382144
233,0.5664268872547488
234,0.4883523003617412
235,0.4430815423761825
236,0.4765076705887743
237,0.45644557659617285
238,0.4997974055932697
239,0.505662253634884
240,0.5115831280227221
241,0.47640334041993343
242,0.49331759454194046
243,0.5315662552217223
244,0.506115991462172
245,0.5339891151197498
246,0.47339873556505463
247,0.424577010589632
248,0.4947936034503518
249,0.5120905437949208
250,0.4934498945540106
251,0.47562369957402384
252,0.5065841350238217
253,0.5467371263007156
254,0.5145025350253368
255,0.5471221487300449
256,0.4920368595473004
257,0.49560416569427496
258,0.5222288043024599
259,0.5166325683100079
260,0.47502689389497715
261,0.47820355737017145
262,0.5548677396952317
263,0.5094493004795264
264,0.5140266559679948
265,0.48560219854616715
266,0.5210509856872625
267,0.49527650703945497
268,0.4871906327839169
269,0.5020460389776096
270,0.4510314754319697
271,0.47772947660063164
272,0.5240606572914923
273,0.4818775406136501
274,0.48137079862036725
275,0.4987366576487865
276,0.4672320891453646
277,0.4153469276302074
278,0.43611849111952067
279,0.49856071211761366
280,0.49156666245906916
281,0.47816311867575334
282,0.4715305718247401
283,0.5434725152857576
284,0.515715452864095
285,0.5252939944548337
286,0.4424863575698829
287,0.5055341214513533
288,0.4435080631059535
289,0.5092349749781243
290,0.4755696942486161
291,0.4871724272670163
292,0.5234430912010155
293,0.5313545858491763
294,0.5184731174778792
295,0.46932103870784564
296,0.48121323924924575
297,0.4645451708150025
298,0.4997640972382708
299,0.47172027250569704
300,0.52289348482285
301,0.4903957810814781
302,0.44875691906686893
303,0.4915307566932933
304,0.5166962875329905
305,0.46780649511981937
306,0.4516738334688718
307,0.5078142722077014
308,0.5088848107794232
309,0.4970774904177071
310,0.4579438480397461
311,0.48091573548322875
312,0.4647267683494569
313,0.46120885742336243
314,0.49554140077964576
315,0.4243867914866604
316,0.5118623089990789
317,0.5379197766047041
318,0.4740603563720785
319,0.4979344437653901
320,0.4942331488165836
321,0.4996209641445403
322,0.5222421444501918
323,0.511513348353116
324,0.5064644146641977
325,0.5069847652086448
326,0.4608100764840816
327,0.5020424626276287
328,0.43017002993057335
329,0.4483563364646301
330,0.4904391983979062
331,0.5042889064347501
332,0.4747619555091548
333,0.48402634026802144
334,0.5060966646875036
335,0.540607631483169
336,0.4684047652311152
337,0.5084218619683624
338,0.4595368735740837
339,0.46342579363211006
340,0.5018768534923798
341,0.4917787556956493
342,0.5182929343461755
343,0.5424257410833797
344,0.44733814726785415
345,0.4962602516465596
346,0.45408771809826537
347,0.5356904406309515
348,0.5191990775371359
349,0.43139765475896125
350,0.5496108275537469
351,0.471107553231878
352,0.5501071897129604
353,0.47173358300794505
354,0.44772820153004184
355,0.5058601985817308
356,0.5212347130939269
357,0.4738929965292774
358,0.4715891859049761
359,0.48840573688898203
360,0.4508711491910155
361,0.47231225504986313
362,0.4797676373920753
363,0.48342332181933756
364,0.5312605290589657
365,0.46271652754678844
366,0.432959967780395
367,0.499534562752444
368,0.5180646161883485
369,0.5123945797482697
370,0.5250678466482667
371,0.4857205796439479
372,0.47615689105640074
373,0.4954714439834954
374,0.4907716613655218
375,0.47720440590700086
376,0.5119796363246403
377,0.5094110565414456
378,0.5046623938806344
379,0.49446511082917816
380,0.44760032306561903
381,0.5214978730818656
382,0.4878090149095201
383,0.5599750127162825
384,0.490430143594706
385,0.5537896543270407
386,0.5110097339191491
387,0.4927030792762535
388,0.5426276100283576
389,0.523771886299697
390,0.4681770182985753
391,0.5083180358015285
392,0.47767428546661
393,0.4809843820356819
394,0.4882393978721689
395,0.5054568539440074
396,0.49316105822306483
397,0.4720566658420618
398,0.47426778574917566
399,0.48740882891969944
400,0.5244553105952474
401,0.46528124380169594
402,0.5246997971636733
403,0.50501111745901
404,0.47767182434120004
405,0.4784916308943148
406,0.4957652327675076
407,0.5079446673481752
408,0.5343651793126403
409,0.46919104400230927
410,0.4437661540873366
411,0.505445948649982
412,0.5174026782157493
413,0.4746063556294729
414,0.47723319536835956
415,0.5112418918644813
416,0.4637255222688034
417,0.477891457939587
418,0.4218953905512977
419,0.4857958957593803
420,0.47231247606908433
421,0.4462602869432999
422,0.48772129130213127
423,0.4949486839326388
424,0.5053834709907999
425,0.46150575809343936
426,0.5258042590256992
427,0.4580516826682746
428,0.48755150473528347
429,0.5390333082696347
430,0.524721561493302
431,0.4692544743916679
432,0.5350748408620628
433,0.4977617550025511
434,0.45006765382544817
435,0.49882591643563096
436,0.5033465679181982
437,0.4708152397053573
438,0.48478205460222296
439,0.477560006660846
440,0.5399587556437091
441,0.5175707989546529
442,0.4891046409071354
443,0.512887667389765
444,0.47931239318612107
445,0.5234728641177502
446,0.46080490583018757
447,0.506961867245299
448,0.4968612327784554
449,0.5112077817041134
450,0.5091763859232806
451,0.47413542093480565
452,0.4931916412713522
453,0.5095647526235904
454,0.5015348742545089
455,0.48713838009566024
456,0.4566017527497106
457,0.49673444458657023
458,0.47647940292702223
459,0.46824912281848624
460,0.46138832608773933
461,0.5345600929633868
462,0.4905031257220607
463,0.49400544999955903
464,0.5039388224356129
465,0.5206413967386668
466,0.5064326758981129
467,0.5398341615861515
468,0.46549392529457395
469,0.46267038989378884
470,0.5632720324967828
471,0.44898399424945507
472,0.48724195296900197
473,0.5231337789657841
474,0.4787784880115338
475,0.486284822731332
476,0.47729044383124547
477,0.48483881143799146
478,0.4954166430972458
479,0.5146042736471024
480,0.5135467645546172
481,0.5111416844192712
482,0.48612659866841823
483,0.49038312733504763
484,0.5193094206727699
485,0.5330436853229763
486,0.4828215712220726
487,0.497871208955918
488,0.5072881799734299
489,0.5399041124921509
490,0.3670702327550083
491,0.5484334353068702
492,0.4726177948272258
493,0.47779506881748646
494,0.49511941107650026
495,0.44638967433047033
496,0.5084129448505994
497,0.5010887909858014
498,0.49847591209269076
499,0.4550689877418936
